{"cameraMode":{"drawMode":0,"name":"Shaded","section":"Shading Mode"},"sceneLighting":true,"audioPlay":false,"sceneViewState":{"m_AlwaysRefresh":false,"showFog":true,"showSkybox":true,"showFlares":true,"showImageEffects":true,"showParticleSystems":true,"showVisualEffectGraphs":true,"m_FxEnabled":true},"in2DMode":false,"pivot":{"x":-0.5466484427452087,"y":4.5949625968933109,"z":2.830312728881836},"rotation":{"x":0.7070649862289429,"y":0.000004263632490619784,"z":-0.0000022566146071767436,"w":0.707148551940918},"size":6.602530479431152,"orthographic":true}