{"cameraMode":{"drawMode":0,"name":"Shaded","section":"Shading Mode"},"sceneLighting":true,"audioPlay":false,"sceneViewState":{"m_AlwaysRefresh":false,"showFog":true,"showSkybox":true,"showFlares":true,"showImageEffects":true,"showParticleSystems":true,"showVisualEffectGraphs":true,"m_FxEnabled":true},"in2DMode":false,"pivot":{"x":5.936153411865234,"y":-4.385684013366699,"z":10.765743255615235},"rotation":{"x":0.33923056721687319,"y":0.04428597167134285,"z":-0.015990106388926507,"w":0.9395213723182678},"size":19.35282325744629,"orthographic":false}