{"cameraMode":{"drawMode":0,"name":"Shaded","section":"Shading Mode"},"sceneLighting":true,"audioPlay":false,"sceneViewState":{"m_AlwaysRefresh":false,"showFog":true,"showSkybox":true,"showFlares":true,"showImageEffects":true,"showParticleSystems":true,"showVisualEffectGraphs":true,"m_FxEnabled":true},"in2DMode":false,"pivot":{"x":-11.668122291564942,"y":-10.384125709533692,"z":10.250594139099121},"rotation":{"x":0.3241555988788605,"y":-0.45785215497016909,"z":0.18388184905052186,"w":0.8071296811103821},"size":11.411661148071289,"orthographic":false}